word,count,proportion
salt,103,0.7983193277310925
oil,82,0.6302521008403361
water,69,0.4957983193277311
onion,68,0.5462184873949579
garlic,54,0.4369747899159664
ground turmeric,48,0.3949579831932773
ginger,41,0.33613445378151263
ground cumin,38,0.31092436974789917
tomato,36,0.29411764705882354
garam masala,35,0.2689075630252101
